41347-1,Heartlake City Resort,2018,494,1019,https://cdn.rebrickable.com/media/sets/41347-1.jpg
41348-1,Service & Care Truck,2018,494,255,https://cdn.rebrickable.com/media/sets/41348-1.jpg
41349-1,Drifting Diner,2018,494,345,https://cdn.rebrickable.com/media/sets/41349-1.jpg
41350-1,Spinning Brushes Car Wash,2018,494,325,https://cdn.rebrickable.com/media/sets/41350-1.jpg
4135-1,Freestyle Garden Friends,1996,399,121,https://cdn.rebrickable.com/media/sets/4135-1.jpg
41351-1,Creative Tuning Shop,2018,494,421,https://cdn.rebrickable.com/media/sets/41351-1.jpg
41352-1,The Big Race Day,2018,494,648,https://cdn.rebrickable.com/media/sets/41352-1.jpg
41353-1,Friends Advent Calendar 2018,2018,216,500,https://cdn.rebrickable.com/media/sets/41353-1.jpg
41354-1,Andrea's Heart Box,2019,494,84,https://cdn.rebrickable.com/media/sets/41354-1.jpg
41355-1,Emma's Heart Box,2019,494,85,https://cdn.rebrickable.com/media/sets/41355-1.jpg
41356-1,Stephanie's Heart Box,2019,494,85,https://cdn.rebrickable.com/media/sets/41356-1.jpg
41357-1,Olivia's Heart Box,2019,494,85,https://cdn.rebrickable.com/media/sets/41357-1.jpg
41358-1,Mia's Heart Box,2019,494,83,https://cdn.rebrickable.com/media/sets/41358-1.jpg
41359-1,Heart Box Friendship Pack,2019,494,199,https://cdn.rebrickable.com/media/sets/41359-1.jpg
41360-1,Emma's Mobile Vet Clinic,2019,494,50,https://cdn.rebrickable.com/media/sets/41360-1.jpg
41361-1,Mia's Foal Stable,2019,494,118,https://cdn.rebrickable.com/media/sets/41361-1.jpg
41362-1,Heartlake City Supermarket,2019,494,139,https://cdn.rebrickable.com/media/sets/41362-1.jpg
41363-1,Mia's Forest Adventure,2019,494,134,https://cdn.rebrickable.com/media/sets/41363-1.jpg
41364-1,Stephanie's Buggy & Trailer,2019,494,166,https://cdn.rebrickable.com/media/sets/41364-1.jpg
41365-1,Emma's Art Studio,2019,494,235,https://cdn.rebrickable.com/media/sets/41365-1.jpg
41366-1,Olivia's Cupcake Cafe,2019,494,335,https://cdn.rebrickable.com/media/sets/41366-1.jpg
41367-1,Stephanie's Horse Jumping,2019,494,352,https://cdn.rebrickable.com/media/sets/41367-1.jpg
41368-1,Andrea's Talent Show,2019,494,492,https://cdn.rebrickable.com/media/sets/41368-1.jpg
41369-1,Mia's House,2019,494,725,https://cdn.rebrickable.com/media/sets/41369-1.jpg
4137-1,Small Freestyle Clearpack,1997,399,127,https://cdn.rebrickable.com/media/sets/4137-1.jpg
41371-1,Mia's Horse Trailer,2019,494,216,https://cdn.rebrickable.com/media/sets/41371-1.jpg
41372-1,Stephanie's Gymnastics Show,2019,494,242,https://cdn.rebrickable.com/media/sets/41372-1.jpg
41373-1,Funny Octopus Ride,2019,494,324,https://cdn.rebrickable.com/media/sets/41373-1.jpg
41374-1,Andrea's Pool Party,2019,494,468,https://cdn.rebrickable.com/media/sets/41374-1.jpg
41375-1,Heartlake City Amusement Pier,2019,494,1267,https://cdn.rebrickable.com/media/sets/41375-1.jpg
41376-1,Turtles Rescue Mission,2019,494,225,https://cdn.rebrickable.com/media/sets/41376-1.jpg
41378-1,Dolphins Rescue Mission,2019,494,374,https://cdn.rebrickable.com/media/sets/41378-1.jpg
41379-1,Heartlake City Restaurant,2019,494,640,https://cdn.rebrickable.com/media/sets/41379-1.jpg
41380-1,Lighthouse Rescue Center,2019,494,622,https://cdn.rebrickable.com/media/sets/41380-1.jpg
41381-1,Rescue Mission Boat,2019,494,928,https://cdn.rebrickable.com/media/sets/41381-1.jpg
41382-1,Friends Advent Calendar 2019,2019,216,330,https://cdn.rebrickable.com/media/sets/41382-1.jpg
41383-1,Olivia's Hamster Playground,2019,494,81,https://cdn.rebrickable.com/media/sets/41383-1.jpg
41384-1,Andrea's Summer Heart Box,2019,494,83,https://cdn.rebrickable.com/media/sets/41384-1.jpg
41385-1,Emma's Summer Heart Box,2019,494,86,https://cdn.rebrickable.com/media/sets/41385-1.jpg
41386-1,Stephanie's Summer Heart Box,2019,494,95,https://cdn.rebrickable.com/media/sets/41386-1.jpg
41387-1,Olivia's Summer Heart Box,2019,494,93,https://cdn.rebrickable.com/media/sets/41387-1.jpg
41388-1,Mia's Summer Heart Box,2019,494,85,https://cdn.rebrickable.com/media/sets/41388-1.jpg
41389-1,Ice Cream Cart,2020,494,97,https://cdn.rebrickable.com/media/sets/41389-1.jpg
41390-1,Andrea's Car & Stage,2020,494,240,https://cdn.rebrickable.com/media/sets/41390-1.jpg
4139-1,Freestyle Bucket,1997,399,249,https://cdn.rebrickable.com/media/sets/4139-1.jpg
41391-1,Heartlake City Hair Salon,2020,494,235,https://cdn.rebrickable.com/media/sets/41391-1.jpg
41392-1,Nature Glamping,2020,494,241,https://cdn.rebrickable.com/media/sets/41392-1.jpg
41393-1,Baking Competition,2020,494,361,https://cdn.rebrickable.com/media/sets/41393-1.jpg